x,y,z,class
97.66,104.59,59.02,0
102.22,87.7,39.24,0
-17.78,-4.46,88.71,0
85.65,65.53,54.15,0
34.36,25.12,0.03,0
19.42,20.45,-19.0,0
118.39,84.21,102.18,0
95.85,7.81,62.63,0
6.63,-11.57,42.95,0
37.24,9.02,62.05,0
55.02,65.65,19.3,0
13.63,68.09,103.67,0
72.86,108.36,89.9,0
44.6,2.4,115.55,0
25.79,107.98,6.55,0
71.99,71.61,45.78,0
79.19,13.98,11.55,0
-2.27,111.08,4.48,0
48.73,62.34,25.45,0
19.96,-11.0,68.22,0
111.02,72.31,-10.78,0
11.61,46.78,15.4,0
-0.26,31.5,82.17,0
58.22,12.66,-15.66,0
109.14,28.2,64.11,0
24.26,68.88,-2.47,0
4.68,20.97,-13.37,0
35.02,31.61,67.11,0
56.63,104.22,70.58,0
91.74,14.41,-7.41,0
91.04,77.91,114.55,0
91.43,-5.28,92.27,0
-7.43,-14.52,29.69,0
109.19,46.09,104.11,0
108.55,103.18,105.74,0
10.97,62.86,86.99,0
85.38,98.5,78.99,0
76.84,70.79,36.27,0
16.67,-16.62,3.71,0
70.42,75.88,91.46,0
70.62,-18.8,37.21,0
50.34,6.85,115.51,0
81.27,19.13,-0.01,0
-16.07,-3.55,69.55,0
31.97,-2.63,78.23,0
65.68,108.0,65.39,0
-18.06,-11.96,8.28,0
27.56,-3.76,93.86,0
63.88,27.44,32.47,0
24.94,110.12,32.27,0
72.79,-3.2,14.9,0
-15.07,-11.79,64.7,0
44.82,-3.71,48.9,0
52.39,59.88,52.76,0
15.1,95.58,-3.19,0
33.04,98.46,82.63,0
84.82,60.12,106.78,0
-0.51,103.9,18.46,0
65.88,65.67,-4.88,0
98.65,111.93,51.23,0
116.56,44.3,16.8,0
9.85,8.19,77.46,0
113.94,87.26,58.6,0
43.0,107.7,4.51,0
67.29,112.08,32.05,0
89.27,48.0,95.09,0
100.23,115.76,0.59,0
105.61,-2.19,87.26,0
113.02,116.7,-12.81,0
57.41,74.46,117.78,0
18.15,46.09,24.64,0
-16.22,78.71,65.03,0
-19.84,-17.64,-1.96,0
59.32,33.24,48.35,0
-17.57,93.36,19.01,0
68.01,-14.35,112.78,0
19.66,5.89,118.15,0
3.56,116.41,105.43,0
35.09,114.86,31.6,0
64.62,-1.52,69.61,0
71.05,118.6,16.57,0
100.6,-2.69,46.02,0
111.03,60.35,102.53,0
52.07,2.12,114.92,0
33.26,98.4,0.43,0
-3.98,62.34,-7.75,0
98.2,11.2,52.07,0
11.26,49.78,55.42,0
90.07,46.6,78.3,0
12.99,5.63,83.23,0
83.91,27.87,92.16,0
8.77,92.86,-8.01,0
83.11,114.35,52.87,0
115.07,104.05,-1.66,0
89.79,61.91,79.65,0
-1.45,-9.92,112.78,0
107.8,21.53,-0.4,0
58.97,25.78,87.39,0
1.66,86.57,15.63,0
-7.48,-13.38,-17.41,0
73.3,110.81,6.0,0
112.3,54.1,76.72,0
19.35,-4.04,43.15,0
41.24,54.89,47.77,0
17.98,23.37,7.06,0
14.95,30.07,65.14,0
67.79,-18.5,114.56,0
22.28,58.46,67.15,0
73.56,62.58,92.69,0
25.39,118.12,47.08,0
-0.41,86.67,77.14,0
82.66,28.96,-0.64,0
28.99,105.38,45.12,0
104.98,107.69,35.27,0
47.06,32.26,7.09,0
-15.79,94.02,66.03,0
28.86,-18.48,48.32,0
0.32,73.94,-13.94,0
74.29,23.49,16.96,0
30.74,69.87,23.87,0
6.76,30.45,48.09,0
-13.83,-5.6,74.05,0
-3.69,53.96,57.21,0
28.23,79.56,111.06,0
32.79,103.66,96.94,0
64.09,62.73,72.36,0
-8.33,17.31,49.57,0
116.79,83.54,119.46,0
2.33,55.14,56.81,0
26.31,10.38,17.09,0
91.47,37.64,5.13,0
100.44,64.4,-7.16,0
-17.29,11.04,31.87,0
-15.4,79.12,-2.28,0
48.95,50.97,-11.42,0
66.97,59.14,42.19,0
22.51,84.12,88.97,0
4.48,104.44,-13.43,0
-19.89,114.21,15.33,0
39.13,-4.43,5.31,0
31.48,100.3,35.5,0
54.04,84.17,67.35,0
-16.67,74.74,104.19,0
70.91,37.71,7.91,0
117.89,10.61,52.0,0
101.17,-17.81,83.17,0
34.76,44.65,77.2,0
54.16,25.66,70.93,0
116.8,111.89,51.19,0
87.11,0.56,27.6,0
105.89,66.62,81.13,0
24.98,-8.04,89.21,0
112.3,117.2,50.23,0
67.49,7.29,36.09,0
62.43,64.72,52.47,0
40.39,100.83,111.15,0
40.85,68.34,74.47,0
96.22,26.44,94.69,0
-11.71,41.07,37.54,0
19.46,-5.74,27.15,0
111.31,66.17,40.11,0
98.84,67.29,58.24,0
4.61,-15.29,27.79,0
-15.22,116.35,36.68,0
115.63,58.64,78.39,0
78.74,101.76,30.22,0
102.69,83.49,-10.23,0
105.96,-4.49,58.05,0
92.22,69.51,16.24,0
-13.61,57.14,107.89,0
100.82,43.39,38.62,0
103.98,75.02,65.38,0
-0.7,111.96,65.15,0
38.35,96.99,81.73,0
12.53,79.08,82.45,0
-14.9,91.15,89.75,0
75.8,42.72,66.5,0
45.6,-18.63,59.74,0
101.37,62.08,43.19,0
49.34,62.38,47.1,0
106.21,-8.69,9.4,0
63.95,16.08,16.77,0
-11.09,29.44,75.53,0
26.84,75.61,51.35,0
44.92,74.49,92.36,0
81.48,62.7,55.73,0
74.6,93.37,104.3,0
62.52,12.82,-7.84,0
54.24,94.54,51.47,0
57.64,103.05,9.65,0
92.49,-13.6,35.36,0
82.92,67.17,109.67,0
94.56,114.73,86.18,0
13.78,92.04,80.17,0
107.97,58.94,52.18,0
93.0,94.21,115.03,0
36.28,113.08,57.33,0
21.7,107.73,24.46,0
54.43,63.28,-6.84,0
20.93,86.08,-17.26,0
16.35,114.25,93.71,0
14.49,41.84,65.38,0
102.83,83.46,3.67,0
80.27,44.24,33.16,0
116.61,-5.48,104.23,0
-12.39,81.25,12.68,0
31.67,101.48,54.68,0
84.73,42.86,92.38,0
103.9,49.29,5.64,0
24.54,91.51,47.32,0
83.47,108.81,12.42,0
53.18,25.77,109.91,0
101.0,109.71,69.86,0
7.7,40.39,69.17,0
10.98,66.92,-9.46,0
95.09,49.8,20.64,0
82.98,57.97,96.07,0
101.63,81.49,68.66,0
12.73,55.21,40.42,0
43.26,8.55,72.83,0
32.85,-3.94,60.47,0
85.66,43.53,67.01,0
67.07,10.24,110.15,0
-17.17,67.02,88.24,0
71.66,-19.27,11.83,0
0.86,93.01,90.72,0
64.83,98.05,-17.9,0
63.69,117.73,64.59,0
59.25,71.49,47.36,0
86.77,-1.56,99.06,0
107.23,39.21,76.79,0
57.06,51.13,9.08,0
-1.85,101.25,117.95,0
29.97,19.9,85.76,0
47.2,108.22,6.61,0
12.26,-18.25,-16.66,0
115.82,2.12,40.24,0
-1.92,102.44,56.8,0
38.95,20.15,84.1,0
-10.81,91.39,21.39,0
44.11,16.4,-6.8,0
-6.21,67.23,110.61,0
72.23,103.35,-0.97,0
37.14,7.31,-11.42,0
-0.72,25.51,83.36,0
99.21,43.27,115.92,0
117.4,-4.66,42.36,0
-17.38,30.44,30.12,0
81.24,76.3,113.26,0
44.78,9.74,46.79,0
55.81,43.57,73.16,0
72.0,111.16,82.29,0
65.08,107.33,21.04,0
53.74,114.47,71.18,0
111.7,2.44,-5.3,0
-14.0,21.4,58.25,0
108.37,69.91,-1.56,0
6.68,98.27,1.64,0
116.11,22.19,38.23,0
98.65,13.93,1.2,0
0.22,51.83,92.6,0
119.27,90.37,-4.91,0
-4.45,-16.9,41.58,0
108.26,12.26,49.55,0
100.42,44.83,96.11,0
63.49,90.88,29.68,0
-17.32,75.78,20.81,0
107.8,41.03,117.71,0
108.28,117.31,-17.04,0
116.32,20.28,103.73,0
92.19,10.83,73.61,0
-18.76,92.89,87.43,0
18.5,3.89,6.82,0
20.67,50.22,8.99,0
5.0,82.58,-19.13,0
104.78,48.89,3.83,0
97.13,74.54,108.5,0
15.21,95.25,28.29,0
15.71,7.66,86.07,0
18.7,45.05,103.72,0
4.84,-16.13,96.48,0
68.2,-9.26,119.65,0
-19.34,34.3,-9.86,0
106.68,-6.26,-11.47,0
10.71,98.72,31.81,0
20.3,11.67,53.2,0
-16.17,87.86,47.91,0
70.17,96.14,13.55,0
118.95,55.09,10.17,0
29.44,26.52,20.18,0
12.63,111.58,-15.34,0
17.0,52.86,83.72,0
-2.6,-8.72,-3.64,0
110.36,117.14,92.37,0
68.55,8.58,9.1,0
43.88,63.23,48.67,0
18.38,18.32,84.38,0
96.89,25.85,110.33,0
2.54,106.55,32.39,0
19.46,13.41,86.85,0
-0.44,-4.1,16.43,0
25.33,105.36,97.14,0
65.35,12.86,116.69,0
110.13,102.28,55.16,0
96.97,55.66,37.56,0
-17.88,-10.53,79.35,0
89.94,47.27,61.66,0
8.94,51.87,102.1,0
112.12,2.32,41.96,0
49.5,89.01,74.5,0
104.57,68.98,103.52,0
90.41,103.33,-3.53,0
3.56,16.26,80.76,0
64.56,64.43,0.31,0
12.96,59.15,-12.62,0
61.92,117.0,70.85,0
1.94,73.68,79.2,0
7.9,37.1,71.2,0
14.02,73.96,23.62,0
-15.96,109.84,21.54,0
113.38,-3.79,2.45,0
67.58,10.82,5.32,0
0.49,87.3,55.33,0
95.07,89.29,112.96,0
-8.46,39.22,103.9,0
81.52,59.09,-18.73,0
7.27,55.59,-1.73,0
11.33,47.7,88.88,0
14.71,83.28,37.57,0
58.6,117.8,23.79,0
22.96,118.72,92.71,0
17.44,80.6,114.52,0
64.86,18.41,78.79,0
6.58,117.32,58.51,0
25.98,104.93,56.32,0
118.12,70.91,8.78,0
11.95,-8.94,118.25,0
41.84,96.29,7.94,0
42.54,6.8,67.12,0
88.49,18.2,86.74,0
84.2,70.35,86.34,0
94.06,83.37,83.57,0
114.16,7.71,36.63,0
119.29,115.28,69.63,0
30.33,14.77,96.76,0
100.97,66.06,-9.69,0
60.67,109.07,95.11,0
68.97,108.25,112.76,0
102.39,11.24,73.3,0
-13.27,60.95,-13.92,0
78.5,-15.75,55.68,0
42.86,46.39,106.3,0
115.52,42.91,19.44,0
115.41,100.91,-11.5,0
50.58,108.5,119.08,0
68.15,25.82,119.29,0
48.74,-17.5,13.08,0
12.83,-19.58,107.48,0
119.84,75.64,111.17,0
40.41,108.36,64.69,0
58.8,108.28,74.46,0
43.45,38.16,-16.7,0
5.99,44.57,36.58,0
118.96,-11.18,94.54,0
81.82,66.29,95.72,0
102.31,104.98,48.31,0
95.06,36.83,90.93,0
99.52,-0.06,-5.96,0
35.11,37.89,11.22,0
2.59,98.66,89.1,0
84.65,86.69,69.45,0
109.57,-18.43,102.47,0
111.38,44.09,93.84,0
61.81,50.18,90.49,0
67.7,97.01,56.75,0
2.49,53.71,-9.05,0
88.94,26.52,53.08,0
94.21,76.93,106.85,0
27.84,90.98,64.97,0
2.58,-12.55,89.39,0
-16.11,64.52,51.19,0
80.29,6.18,52.55,0
14.04,23.04,-14.26,0
58.84,0.36,83.56,0
30.02,63.25,54.23,0
88.68,49.67,83.54,0
5.18,77.09,96.98,0
36.61,100.94,-18.05,0
81.51,65.82,-1.1,0
89.39,56.21,26.59,0
44.03,30.59,117.98,0
110.89,101.24,95.3,0
106.4,60.48,29.1,0
21.93,93.46,-7.56,0
36.57,55.04,61.24,0
20.78,32.2,57.37,0
6.51,63.49,65.21,0
40.3,47.72,5.39,0
22.61,93.09,53.67,0
83.87,104.6,77.34,0
73.76,-11.28,7.92,0
93.35,73.92,50.92,0
69.02,89.63,1.94,0
107.04,45.22,31.76,0
64.79,64.16,8.05,0
-18.77,89.52,33.77,0
0.29,24.37,56.92,0
47.14,90.98,44.39,0
18.84,98.07,24.12,0
83.92,0.56,16.65,0
21.94,-0.98,9.58,0
47.24,-9.84,-13.59,0
109.2,-10.77,59.78,0
79.37,102.08,38.89,0
99.88,13.29,97.71,0
1.67,65.65,105.44,0
31.65,50.42,59.11,0
1.52,114.76,116.42,0
60.17,94.62,64.75,0
39.62,45.78,78.97,0
40.78,67.76,-5.68,0
106.37,50.36,61.54,0
16.97,11.6,16.62,0
-17.67,73.71,-1.45,0
-9.49,104.58,-10.39,0
79.79,56.71,96.97,0
-15.03,12.66,13.54,0
47.53,113.87,113.98,0
43.47,106.13,100.41,0
16.29,17.58,-10.0,0
43.21,111.72,101.69,0
71.35,80.18,7.2,0
16.08,96.74,28.31,0
30.91,65.14,41.96,0
95.31,32.86,52.56,0
21.37,56.82,72.45,0
52.44,3.53,91.69,0
97.07,53.51,117.65,0
30.7,37.26,16.39,0
49.93,24.67,-15.98,0
78.78,-16.69,78.15,0
30.35,59.88,106.31,0
12.95,61.14,-3.6,0
81.34,92.53,103.38,0
70.62,61.14,46.08,0
9.49,49.4,85.2,0
-13.13,87.1,38.18,0
76.14,55.72,77.78,0
70.63,8.3,26.6,0
105.0,39.17,93.58,0
68.83,73.45,61.8,0
62.21,-6.84,86.24,0
73.18,10.72,62.91,0
56.43,-7.48,2.34,0
40.53,-18.41,4.88,0
111.99,81.52,67.16,0
79.82,-5.63,27.69,0
63.53,37.1,86.65,0
111.77,97.99,86.96,0
-18.21,69.72,113.73,0
37.04,53.61,63.76,0
104.29,9.57,87.06,0
47.22,99.29,107.19,0
39.29,-11.58,-3.64,0
104.55,58.92,1.34,0
98.37,60.97,48.83,0
69.48,60.93,51.6,0
97.23,72.0,115.07,0
74.59,101.16,116.08,0
104.49,70.36,98.84,0
86.8,79.78,75.09,0
-17.49,114.26,-6.85,0
26.65,34.36,76.31,0
34.42,75.99,49.19,0
89.32,63.5,10.17,0
-3.2,-13.38,-3.29,0
3.94,43.39,60.83,0
27.45,90.16,60.55,0
10.34,-4.63,80.71,0
81.14,94.13,-8.81,0
38.23,106.1,56.79,0
27.55,-10.42,13.61,0
-14.5,119.41,58.73,0
20.16,13.94,116.55,0
-1.5,15.74,42.33,0
68.43,36.74,81.72,0
47.14,33.91,43.6,0
44.82,49.66,109.65,0
117.6,32.3,68.07,0
-6.15,24.86,33.33,0
72.35,68.87,105.07,0
85.69,-18.47,-11.44,0
88.44,41.27,23.49,0
30.59,36.61,-10.11,0
27.41,76.37,21.63,0
106.95,53.22,-2.92,0
10.52,35.73,45.65,0
-3.94,19.28,44.02,0
27.19,65.81,59.17,0
109.24,64.39,0.14,0
95.26,107.77,116.55,0
107.88,67.4,12.09,0
38.38,27.77,111.05,0
1.92,20.33,113.17,0
80.59,46.62,-5.07,0
37.39,79.1,47.73,0
113.19,10.32,71.26,0
36.88,11.88,27.44,0
75.31,111.04,20.17,0
87.44,100.01,58.49,0
66.83,112.26,27.32,0
-17.74,36.24,78.16,0
78.07,99.66,58.85,0
-9.24,-8.25,36.09,0
8.77,82.31,108.84,0
21.74,93.42,91.53,0
58.71,76.53,79.37,0
14.54,88.11,12.24,0
21.21,117.78,41.79,0
58.13,92.89,101.12,0
101.28,111.19,34.57,0
66.82,83.42,111.17,0
119.89,-1.2,-6.37,0
69.82,19.41,54.55,0
62.64,118.84,-11.17,0
13.77,59.14,-8.53,0
-18.7,75.04,21.77,0
52.32,89.84,-2.91,0
74.89,88.44,105.87,0
57.19,55.02,31.32,0
-3.6,103.7,-8.86,0
37.36,107.58,45.1,0
30.84,-8.56,84.67,0
2.85,23.61,82.67,0
26.54,67.08,58.03,0
95.28,2.34,86.85,0
-12.89,62.33,93.92,0
49.43,-3.46,62.23,0
-15.0,114.06,8.96,0
22.1,94.31,44.35,0
36.29,87.37,35.61,0
67.96,5.69,103.99,0
116.44,16.74,88.51,0
81.47,29.67,22.0,0
19.86,29.44,16.0,0
51.08,38.49,85.19,0
83.26,63.82,32.37,0
59.42,20.15,117.96,0
-15.62,34.8,106.28,0
43.73,27.12,49.55,0
43.93,118.1,-12.79,0
100.48,6.16,57.27,0
31.98,79.42,69.3,0
73.11,-7.6,60.44,0
-11.92,66.27,-12.79,0
73.21,19.85,90.67,0
32.72,36.61,16.0,0
32.22,0.74,111.88,0
99.11,13.56,106.96,0
11.87,74.71,68.06,0
75.56,77.52,5.0,0
36.14,71.99,36.26,0
86.24,0.89,99.16,0
15.72,81.86,54.68,0
20.77,72.77,59.34,0
85.29,-1.41,60.3,0
-5.52,-17.11,11.95,0
62.63,59.2,88.77,0
31.42,33.67,-15.37,0
-1.34,59.42,9.9,0
-18.47,40.12,9.81,0
22.29,-7.97,53.99,0
117.1,58.35,56.21,0
11.36,60.29,32.07,0
-1.67,23.66,39.61,0
67.43,32.68,16.82,0
4.26,117.83,105.42,0
65.83,34.19,47.73,0
41.86,114.14,44.38,0
86.66,57.15,66.83,0
101.02,15.79,92.88,0
58.88,55.1,0.16,0
20.26,86.25,55.23,0
103.84,102.13,62.5,0
69.21,78.19,105.61,0
115.65,54.7,46.93,0
-15.2,70.86,-9.21,0
-10.37,24.21,104.12,0
1.38,106.96,79.71,0
-2.09,83.13,63.94,0
102.0,60.19,51.38,0
45.15,38.67,35.55,0
43.32,51.63,12.7,0
99.43,107.77,99.43,0
72.01,45.33,-10.38,0
99.02,-5.51,65.76,0
67.95,59.88,-6.03,0
80.5,69.14,101.72,0
19.14,42.63,90.59,0
18.39,-5.85,-1.2,0
-19.3,6.42,19.66,0
104.18,58.69,50.61,0
69.04,22.05,42.79,0
47.32,67.2,26.86,0
118.06,68.48,11.76,0
-15.42,103.11,88.42,0
104.32,43.08,101.92,0
61.23,109.09,72.29,0
32.65,13.22,4.69,0
23.42,16.45,61.01,0
10.03,-5.6,22.55,0
113.07,96.29,0.03,0
38.49,109.43,78.24,0
56.28,119.72,2.89,0
44.21,69.6,84.12,0
61.24,111.91,34.69,0
16.57,-11.21,78.46,0
-19.06,7.07,-1.67,0
119.32,68.22,76.26,0
60.0,29.91,49.71,0
20.76,36.6,115.1,0
70.34,8.38,103.9,0
34.76,33.18,28.87,0
69.61,28.93,0.36,0
59.08,45.82,89.87,0
46.72,5.0,71.4,0
104.95,40.24,32.47,0
32.7,22.08,14.63,0
39.37,40.62,55.3,0
48.83,56.64,56.85,0
19.19,-8.45,-3.54,0
84.05,64.87,105.37,0
90.68,109.64,112.13,0
26.49,59.85,91.78,0
114.85,53.72,73.04,0
71.77,2.65,3.19,0
15.35,64.9,30.85,0
14.85,71.73,51.29,0
-17.2,80.46,-18.82,0
1.81,112.1,101.57,0
93.79,100.41,-11.81,0
118.78,49.36,55.99,0
116.61,87.18,21.44,0
57.39,50.33,96.82,0
74.23,-0.08,33.31,0
4.01,65.82,110.63,0
58.17,48.13,14.68,0
80.04,48.67,7.6,0
20.97,89.52,22.04,0
118.6,76.49,94.35,0
111.34,-13.52,119.2,0
15.18,110.82,-5.85,0
-15.71,0.59,102.7,0
23.05,-4.85,98.02,0
33.13,9.62,89.81,0
104.56,30.9,-11.17,0
72.6,98.61,104.99,0
17.11,34.53,26.43,0
87.8,25.19,65.07,0
114.56,-19.82,-17.09,0
35.63,2.02,44.5,0
5.74,72.33,-9.54,0
96.71,113.93,24.04,0
72.54,30.75,14.37,0
-3.39,-5.0,73.76,0
65.59,93.33,-17.27,0
60.88,44.96,-19.85,0
-0.01,42.3,4.68,0
68.16,-17.43,3.96,0
39.24,101.91,-13.82,0
62.08,-1.61,109.88,0
100.56,108.01,31.66,0
23.24,63.33,106.69,0
107.42,75.72,98.57,0
-18.55,64.12,92.54,0
109.88,44.72,117.22,0
-3.35,-15.45,0.74,0
34.86,85.8,36.12,0
119.45,60.69,26.36,0
48.31,6.95,97.34,0
71.77,61.05,115.6,0
60.68,-11.86,35.43,0
114.16,8.01,114.77,0
23.64,50.81,19.8,0
68.38,5.31,-19.28,0
27.18,76.88,89.95,0
48.69,68.94,33.67,0
1.68,38.55,100.95,0
101.18,109.93,93.39,0
112.55,65.87,100.71,0
18.3,97.83,111.68,0
15.01,24.97,-2.34,0
61.52,103.49,117.3,0
98.86,95.86,45.03,0
84.51,35.36,-10.44,0
-17.04,50.19,109.88,0
31.89,61.59,63.99,0
30.31,106.33,96.13,0
27.47,86.7,-14.63,0
-16.75,-2.95,43.83,0
31.36,58.29,46.4,0
119.62,44.97,60.51,0
59.8,27.61,90.86,0
33.14,5.4,68.34,0
-2.77,-8.34,82.93,0
116.87,103.12,6.83,0
40.37,76.33,-6.02,0
-14.59,64.09,74.36,0
1.34,50.44,77.26,0
84.09,-10.2,99.94,0
115.23,96.41,28.91,0
72.65,1.84,0.82,0
-0.66,75.97,64.91,0
89.49,14.59,75.66,0
64.75,66.55,-19.32,0
28.02,82.21,27.47,0
77.63,22.58,41.31,0
11.14,111.82,87.98,0
-10.74,23.86,10.72,0
-12.09,107.62,11.49,0
-19.58,-9.01,-7.29,0
83.51,17.63,-13.29,0
44.16,103.95,94.58,0
88.64,98.09,-19.75,0
50.55,39.42,112.97,0
47.57,29.88,101.32,0
10.53,-12.71,35.41,0
49.51,38.0,83.29,0
68.9,20.51,94.12,0
105.02,103.54,16.71,0
84.25,35.27,-1.78,0
114.12,79.33,2.82,0
40.95,81.29,97.19,0
15.13,77.83,28.02,0
80.71,39.16,83.61,0
9.04,35.85,57.78,0
75.1,97.4,25.19,0
24.17,-4.43,52.63,0
38.41,116.76,90.83,0
22.98,100.26,-5.55,0
75.65,47.09,99.53,0
73.29,-17.18,-6.61,0
41.32,99.27,-0.78,0
23.95,99.16,64.66,0
23.87,42.57,56.36,0
107.1,-16.88,43.09,0
91.25,75.66,26.16,0
1.22,34.94,-0.65,0
0.17,114.5,90.97,0
77.91,115.0,99.52,0
81.58,45.77,119.25,0
31.76,-19.87,37.13,0
50.58,114.77,72.19,0
105.95,45.46,80.9,0
42.22,52.96,83.71,0
85.14,78.34,71.52,0
43.17,6.33,40.66,0
-18.44,113.58,110.21,0
82.51,59.78,40.79,0
8.46,95.32,114.86,0
28.08,63.87,117.27,0
21.06,17.97,72.82,0
34.5,-18.84,114.23,0
118.88,35.69,49.46,0
88.39,33.27,85.77,0
50.01,43.21,-11.1,0
8.86,13.39,89.79,0
50.27,74.21,60.74,0
5.75,68.32,33.18,0
71.56,48.58,52.13,0
88.16,54.21,14.35,0
-9.6,-13.12,20.48,0
78.47,57.38,8.26,0
54.44,110.44,42.23,0
87.91,119.02,95.55,0
57.13,106.59,16.01,0
45.51,75.36,-3.39,0
90.03,102.06,69.85,0
97.14,61.81,35.52,0
33.82,69.9,114.77,0
8.28,107.81,45.11,0
76.61,29.94,31.32,0
0.79,111.07,88.4,0
101.39,78.69,90.0,0
6.51,60.42,53.15,0
49.13,119.14,-11.12,0
55.3,85.42,86.16,0
108.5,53.9,8.97,0
109.05,98.71,88.25,0
96.17,65.35,-14.9,0
-15.12,83.79,-10.95,0
86.5,41.23,70.64,0
45.13,-11.41,76.52,0
68.01,57.49,55.05,0
66.18,50.87,9.9,0
117.38,92.67,47.2,0
31.85,46.55,80.75,0
116.35,45.2,50.45,0
43.25,27.45,29.16,0
87.74,65.31,-17.81,0
106.86,79.93,59.2,0
-5.35,113.99,3.08,0
94.95,49.35,106.07,0
88.6,104.59,-13.46,0
119.31,117.37,54.77,0
51.95,79.43,116.67,0
117.78,102.63,109.12,0
107.14,115.71,84.64,0
3.95,9.35,78.88,0
-7.26,29.11,14.44,0
93.7,64.52,67.94,0
78.21,14.09,62.06,0
45.71,11.18,46.69,0
115.12,79.68,95.39,0
31.57,-1.48,43.72,0
7.29,94.67,83.56,0
92.24,92.75,63.32,0
80.25,49.98,-12.46,0
103.9,93.33,66.32,0
-18.63,7.7,36.82,0
28.7,116.9,-4.79,0
9.21,47.33,63.07,0
105.04,20.56,54.05,0
58.4,25.59,-14.41,0
76.65,57.65,80.15,0
27.33,22.24,108.4,0
-19.92,83.46,40.03,0
20.62,108.32,1.53,0
87.92,81.46,74.5,0
87.0,40.42,44.87,0
42.87,109.68,80.63,0
84.11,4.04,71.28,0
76.29,97.29,93.24,0
-2.96,114.45,39.55,0
43.3,6.43,65.18,0
108.39,24.66,112.06,0
72.66,109.02,89.66,0
63.95,42.85,85.43,0
46.36,57.01,61.88,0
-15.92,35.03,45.77,0
18.61,74.82,29.89,0
86.47,7.85,89.21,0
62.41,17.95,-9.22,0
96.85,71.25,2.26,0
61.47,31.98,-3.66,0
66.93,66.44,20.51,0
33.82,86.66,28.21,0
-11.51,-17.68,107.06,0
106.76,95.88,-6.23,0
104.99,49.83,110.55,0
-1.86,71.82,103.73,0
81.39,14.0,108.12,0
50.85,20.55,-8.68,0
39.95,71.51,21.64,0
-1.58,94.15,105.23,0
-6.53,-6.09,81.32,0
57.38,14.37,50.24,0
92.55,49.72,80.86,0
-10.7,110.94,11.98,0
95.54,90.34,102.05,0
79.86,118.12,-16.4,0
96.28,79.44,-10.39,0
12.0,27.23,-8.54,0
-19.55,48.92,83.65,0
8.06,76.58,103.05,0
65.04,38.17,7.26,0
118.32,46.37,59.67,0
31.95,43.64,83.94,0
52.73,-16.85,26.53,0
5.72,90.79,72.07,0
5.55,43.65,25.99,0
-10.52,43.99,110.83,0
12.86,113.02,87.01,0
87.1,14.73,32.94,0
6.93,45.11,6.38,0
26.79,36.61,76.47,0
76.73,45.35,81.99,0
68.35,77.1,34.73,0
86.59,-17.71,6.44,0
105.46,112.15,106.27,0
108.63,21.12,81.28,0
89.49,2.18,97.58,0
58.81,12.18,53.82,0
118.36,73.07,-19.96,0
46.17,55.83,-11.45,0
93.0,66.77,20.87,0
56.24,91.89,66.19,0
19.01,53.97,46.14,0
43.2,-13.23,105.22,0
-16.15,46.73,26.98,0
107.27,101.35,-16.85,0
56.68,12.73,15.67,0
43.59,50.35,103.62,0
-5.91,83.44,38.59,0
5.46,9.18,75.27,0
7.38,-17.86,93.79,0
-9.91,51.89,53.14,0
32.78,15.08,43.04,0
74.96,117.68,42.83,0
1.72,13.93,96.76,0
-16.11,-1.95,-1.79,0
13.74,26.55,117.56,0
14.85,-13.7,74.15,0
82.96,0.84,68.51,0
-0.68,60.24,35.54,0
62.55,18.4,4.71,0
105.16,-19.53,-15.78,0
97.24,63.82,56.66,0
68.97,105.0,-2.99,0
76.68,49.54,119.87,0
25.5,-16.4,8.74,0
30.75,55.39,16.49,0
53.45,-0.71,8.24,0
70.23,-7.09,74.48,0
73.08,-12.94,50.47,0
17.41,42.44,64.22,0
117.21,78.0,70.58,0
17.75,88.68,82.18,0
61.59,35.14,74.08,0
-7.27,116.4,51.78,0
105.24,88.21,-13.11,0
-7.04,108.86,93.91,0
110.36,1.96,25.37,0
-5.93,-11.89,-12.26,0
107.4,16.65,88.47,0
118.64,83.61,28.53,0
48.42,110.67,31.48,0
20.39,41.89,119.31,0
107.11,-2.7,13.87,0
28.63,9.93,97.55,0
109.66,-14.79,56.66,0
46.13,6.86,67.34,0
66.69,35.68,83.05,0
56.35,-19.82,54.41,0
110.62,33.58,46.88,0
51.11,118.2,105.03,0
-0.68,114.58,26.17,0
53.9,66.14,90.98,0
52.07,24.03,-12.17,0
117.73,27.67,47.26,0
108.41,8.8,16.26,0
91.05,80.6,39.99,0
-13.13,102.97,90.06,0
29.8,38.44,4.67,0
-0.44,73.94,21.72,0
40.63,69.01,13.17,0
48.58,65.66,85.32,0
93.53,23.76,60.52,0
28.59,0.79,56.96,0
80.93,58.06,5.15,0
7.47,61.52,61.25,0
103.06,93.84,70.35,0
87.3,11.89,80.92,0
25.34,50.1,114.21,0
82.59,39.2,11.67,0
71.97,77.46,50.79,0
1.07,45.75,10.71,0
73.57,100.63,-1.17,0
76.77,68.26,80.15,0
103.7,88.31,113.24,0
53.11,109.72,99.33,0
9.81,36.26,95.63,0
87.88,98.61,12.01,0
-15.78,96.94,25.6,0
48.76,71.68,31.66,0
58.26,96.33,61.39,0
79.38,17.63,-10.3,0
20.16,-13.94,111.83,0
88.5,38.11,52.85,0
34.04,51.46,-16.07,0
-16.81,-1.64,0.26,0
20.98,63.18,118.03,0
109.73,3.41,-15.01,0
96.14,34.01,41.82,0
10.87,100.31,61.53,0
-6.42,107.31,10.68,0
-10.14,106.77,117.34,0
5.05,24.29,70.38,0
36.91,-6.98,60.98,0
84.2,13.09,24.44,0
47.97,-7.98,-8.95,0
16.31,14.04,117.63,0
52.67,-7.59,66.31,0
68.74,29.98,88.91,0
-8.7,34.14,98.51,0
-11.63,70.17,85.46,0
84.07,76.79,2.54,0
100.25,93.25,61.14,0
-16.59,35.09,33.28,0
89.54,0.23,46.74,0
45.01,70.0,83.0,0
114.94,69.77,87.81,0
72.65,71.56,113.63,0
1.14,-7.21,24.99,0
-5.3,7.74,5.04,0
74.43,64.91,51.41,0
18.96,89.48,69.0,0
10.25,2.46,40.01,0
115.69,8.43,39.8,0
117.96,-13.19,94.43,0
184.72,259.18,247.26,1
178.33,140.14,232.54,1
225.36,174.65,177.75,1
251.24,185.5,191.12,1
177.39,237.27,142.67,1
226.23,231.86,198.04,1
136.44,172.21,131.02,1
158.95,156.48,134.76,1
228.36,223.76,231.02,1
134.57,136.24,146.66,1
175.55,269.45,262.84,1
245.58,253.89,155.63,1
215.35,201.58,248.16,1
166.65,262.66,259.55,1
211.47,246.82,164.41,1
194.25,263.35,146.48,1
245.1,172.38,192.66,1
223.18,142.91,182.3,1
269.96,143.87,160.33,1
248.54,201.87,219.53,1
183.68,164.59,209.69,1
241.71,232.7,243.63,1
190.36,234.29,147.88,1
194.63,221.41,215.08,1
195.83,196.55,193.65,1
239.87,250.99,164.97,1
150.18,130.39,245.26,1
190.53,161.38,213.04,1
138.42,144.44,165.45,1
231.4,142.86,161.27,1
260.93,268.09,158.29,1
247.55,156.12,176.07,1
140.41,207.03,253.42,1
239.57,255.97,208.29,1
161.74,223.05,156.58,1
178.63,232.97,214.88,1
236.7,265.26,213.25,1
133.03,247.92,175.87,1
145.38,232.45,268.06,1
221.75,196.04,254.73,1
151.49,132.12,260.75,1
264.69,190.08,209.67,1
210.55,177.21,203.26,1
206.96,244.23,164.55,1
210.88,217.75,248.68,1
176.95,244.52,223.22,1
217.11,221.54,190.37,1
215.76,253.27,169.19,1
188.35,229.97,224.9,1
174.48,223.7,194.84,1
150.31,203.32,170.12,1
206.07,234.66,194.14,1
233.11,174.22,194.19,1
219.26,194.49,210.36,1
166.32,247.08,216.3,1
178.22,204.53,138.1,1
254.62,209.28,264.09,1
174.76,254.49,133.07,1
215.65,253.42,206.93,1
211.36,237.1,268.69,1
157.08,215.44,257.29,1
268.51,172.04,255.03,1
155.8,192.32,162.84,1
137.84,199.48,193.16,1
181.27,219.71,169.28,1
184.23,258.69,251.4,1
266.5,233.59,260.78,1
223.08,234.59,239.91,1
239.74,231.87,162.67,1
147.76,179.47,149.37,1
235.66,250.61,169.47,1
237.41,255.31,195.82,1
231.26,139.31,267.62,1
214.31,212.02,146.77,1
263.53,185.3,224.82,1
230.86,199.44,190.69,1
219.23,130.08,182.43,1
236.11,241.64,162.76,1
248.23,195.92,215.72,1
214.27,173.11,181.09,1
245.7,186.0,254.45,1
249.01,238.23,258.57,1
199.02,263.4,154.21,1
235.86,203.88,221.98,1
144.45,263.56,190.11,1
179.81,249.36,219.21,1
144.41,268.16,181.47,1
130.12,191.93,136.04,1
254.97,221.64,175.26,1
179.73,141.12,189.82,1
253.88,181.89,215.36,1
152.39,195.13,160.1,1
144.8,178.48,166.69,1
198.11,180.54,161.11,1
237.67,252.17,265.4,1
243.46,211.04,245.17,1
260.26,220.46,239.08,1
269.84,164.4,251.21,1
145.63,215.96,229.9,1
257.91,140.75,225.78,1
237.39,213.03,214.37,1
258.54,160.07,225.52,1
156.09,254.52,180.37,1
234.51,142.98,241.18,1
176.74,139.2,191.89,1
224.45,201.79,227.91,1
172.16,219.49,144.62,1
226.24,231.48,247.54,1
217.62,166.55,221.96,1
136.92,183.88,131.12,1
248.1,216.04,199.66,1
240.53,130.79,247.8,1
217.91,239.4,194.48,1
146.27,219.16,213.29,1
211.36,243.83,130.37,1
142.44,246.2,159.44,1
237.85,243.59,171.3,1
251.01,201.84,228.19,1
167.8,164.5,266.03,1
149.8,241.93,144.07,1
228.52,166.94,251.53,1
191.47,257.04,234.91,1
200.16,246.27,197.41,1
217.69,138.59,256.05,1
262.72,149.5,173.42,1
212.8,261.0,141.02,1
246.24,248.21,209.32,1
259.99,208.72,142.45,1
244.29,194.87,193.15,1
185.69,162.18,162.74,1
251.45,179.15,130.27,1
170.64,166.53,177.33,1
132.56,167.59,221.99,1
139.83,267.06,260.09,1
223.97,139.88,263.12,1
147.33,185.5,193.96,1
249.49,192.68,139.42,1
186.67,213.52,156.67,1
238.07,161.66,137.79,1
175.21,266.6,254.55,1
144.17,249.77,227.29,1
158.37,173.66,151.5,1
207.29,195.11,227.7,1
236.81,186.38,255.72,1
258.77,182.51,245.32,1
176.99,147.47,160.79,1
167.02,165.06,255.36,1
252.01,138.42,267.31,1
208.94,210.99,260.23,1
208.25,207.58,161.77,1
177.07,132.44,245.91,1
130.2,156.14,150.89,1
146.89,166.83,224.5,1
156.34,230.22,248.77,1
249.78,158.67,216.04,1
252.02,243.99,189.97,1
179.04,215.35,211.93,1
188.35,236.5,220.27,1
176.91,138.51,234.23,1
180.34,173.3,194.46,1
208.83,199.17,217.43,1
169.94,150.97,254.79,1
147.58,261.58,247.95,1
167.67,219.34,193.48,1
236.11,228.78,191.69,1
132.65,183.48,148.93,1
145.65,257.56,151.89,1
219.27,254.82,230.23,1
153.23,228.2,210.48,1
172.36,240.56,256.82,1
226.14,130.1,190.14,1
257.97,244.63,164.67,1
181.35,195.62,228.81,1
156.14,143.03,207.48,1
252.18,253.21,194.5,1
261.16,153.5,262.08,1
145.37,177.43,269.72,1
256.87,245.87,230.08,1
182.16,214.66,145.69,1
192.21,222.42,245.63,1
195.51,253.81,139.67,1
268.78,187.02,235.34,1
254.16,159.42,192.98,1
229.9,185.76,253.86,1
183.21,247.75,245.96,1
131.58,133.49,152.34,1
154.87,228.73,251.96,1
224.26,201.67,171.21,1
201.96,218.14,262.81,1
193.49,140.68,146.17,1
134.7,163.55,207.99,1
239.3,216.07,267.55,1
238.0,207.14,147.7,1
267.93,176.44,244.94,1
268.86,206.63,183.25,1
171.73,244.12,235.15,1
195.79,184.8,249.73,1
240.6,216.23,199.21,1
154.46,134.5,150.24,1
200.03,130.58,182.72,1
266.61,267.19,146.02,1
153.8,212.18,209.53,1
136.34,264.09,253.93,1
180.14,263.45,146.7,1
185.63,240.37,189.52,1
243.15,268.95,175.22,1
150.86,238.86,182.48,1
260.49,263.23,207.83,1
173.76,130.21,149.96,1
151.86,191.09,212.21,1
174.34,181.72,244.88,1
196.31,230.74,234.92,1
232.98,219.93,197.06,1
224.41,148.29,140.84,1
252.9,133.41,224.08,1
130.92,245.27,252.33,1
246.61,190.71,207.22,1
201.94,220.69,190.01,1
169.74,248.22,263.34,1
166.32,180.68,176.76,1
193.73,233.44,249.19,1
203.48,180.08,238.06,1
161.6,139.57,236.0,1
203.92,217.86,264.32,1
177.92,192.98,156.2,1
183.26,203.76,193.11,1
198.99,217.93,211.82,1
140.23,241.41,237.53,1
265.36,199.93,242.24,1
159.7,150.38,168.37,1
152.57,167.04,171.09,1
136.35,166.27,243.4,1
262.73,253.6,239.82,1
251.5,236.17,242.53,1
229.3,151.74,220.25,1
134.7,189.01,203.15,1
183.68,180.31,239.05,1
255.98,193.05,229.85,1
172.58,143.02,199.17,1
221.61,202.18,142.74,1
182.25,182.49,267.02,1
228.41,185.01,208.34,1
214.2,220.73,236.13,1
175.06,262.03,267.16,1
169.56,207.56,162.94,1
145.81,188.41,255.42,1
168.6,148.36,138.95,1
255.58,242.59,179.34,1
137.75,248.05,220.79,1
187.61,200.4,155.39,1
253.95,217.68,200.89,1
265.1,161.06,137.36,1
142.87,144.27,171.37,1
247.35,152.78,200.63,1
242.03,184.24,230.64,1
140.25,254.72,185.5,1
230.76,161.04,254.41,1
166.23,267.04,231.59,1
179.67,226.32,259.73,1
231.03,258.65,217.89,1
177.12,258.79,249.37,1
237.96,256.91,249.89,1
256.33,174.42,255.11,1
183.4,133.24,144.61,1
163.27,190.08,207.11,1
246.4,157.44,234.09,1
248.96,229.68,185.76,1
178.83,174.73,206.14,1
228.06,267.67,201.78,1
214.76,167.12,187.6,1
198.09,232.86,175.63,1
146.71,154.98,221.44,1
269.58,234.49,149.86,1
173.96,168.62,167.17,1
166.56,180.65,265.89,1
201.52,158.2,268.44,1
240.96,249.13,208.67,1
223.01,217.96,173.06,1
206.5,134.67,178.5,1
203.54,198.22,230.96,1
172.84,155.98,190.22,1
140.55,222.16,248.62,1
218.64,137.34,234.62,1
163.23,179.64,176.87,1
186.21,232.43,137.76,1
223.85,228.74,139.36,1
175.84,267.8,185.85,1
224.17,159.34,265.77,1
130.78,214.81,167.65,1
161.54,251.4,254.7,1
157.16,147.09,249.47,1
133.09,204.09,207.61,1
201.45,214.04,257.46,1
185.37,217.97,187.51,1
151.47,263.07,243.04,1
159.12,131.87,193.49,1
210.61,161.97,183.45,1
150.11,151.22,172.02,1
255.66,209.84,248.63,1
234.28,180.52,138.03,1
210.13,201.14,218.23,1
156.22,131.91,245.84,1
131.93,264.07,243.49,1
216.45,231.22,151.65,1
228.59,251.13,227.44,1
138.09,211.35,179.71,1
182.75,223.29,166.34,1
164.96,149.74,181.49,1
204.49,219.64,163.7,1
259.83,173.24,228.87,1
193.76,152.62,130.72,1
218.52,155.81,156.74,1
254.09,262.94,134.19,1
182.73,150.68,219.09,1
234.24,170.04,133.47,1
137.56,253.54,251.33,1
263.2,216.94,149.28,1
230.75,230.91,256.08,1
142.73,238.37,204.18,1
241.12,212.93,233.18,1
134.64,208.16,258.0,1
253.78,165.88,196.47,1
217.56,187.65,173.46,1
189.72,170.68,193.56,1
155.85,210.62,219.1,1
219.61,183.34,168.57,1
221.82,196.87,175.79,1
194.79,242.1,159.71,1
175.42,131.83,215.77,1
235.98,159.11,224.67,1
137.4,150.72,159.02,1
214.28,180.35,155.14,1
157.57,221.81,260.88,1
141.13,184.26,188.3,1
170.85,185.33,215.12,1
241.54,220.16,182.02,1
242.16,154.54,231.2,1
188.33,137.69,242.51,1
266.4,210.49,210.87,1
209.94,207.28,146.39,1
258.92,172.49,163.52,1
266.32,260.24,242.98,1
178.07,201.12,171.64,1
139.41,135.0,241.85,1
171.59,224.9,254.95,1
239.08,247.14,193.95,1
166.81,258.41,156.21,1
264.43,137.15,253.47,1
179.41,256.99,223.66,1
184.06,154.38,219.75,1
182.99,179.77,258.99,1
227.0,193.72,181.39,1
268.17,148.4,196.36,1
240.29,195.99,239.23,1
208.22,197.27,140.79,1
155.14,245.16,208.38,1
152.99,267.53,256.49,1
130.17,188.45,242.82,1
143.91,254.87,157.47,1
258.03,233.27,158.94,1
167.84,155.42,166.77,1
232.98,210.32,202.11,1
203.74,260.0,152.33,1
139.18,157.78,237.62,1
169.69,195.05,211.01,1
263.38,241.5,244.1,1
195.8,136.65,246.22,1
218.09,264.02,265.49,1
183.46,154.37,134.0,1
173.06,141.84,156.66,1
138.34,256.94,173.67,1
195.33,218.6,180.37,1
134.52,149.99,166.26,1
151.03,142.96,258.71,1
204.85,164.7,202.28,1
219.94,222.48,245.71,1
247.53,177.01,244.6,1
167.3,197.12,239.99,1
220.39,132.15,255.7,1
268.15,203.7,138.38,1
207.19,214.93,192.83,1
228.73,144.43,248.19,1
219.8,268.05,158.38,1
145.51,228.52,166.03,1
206.55,134.36,160.8,1
222.14,198.44,258.26,1
220.79,209.13,179.39,1
174.2,178.72,148.78,1
150.3,152.39,167.84,1
269.54,169.48,200.25,1
206.57,252.36,170.14,1
213.49,147.38,242.88,1
179.54,234.75,176.78,1
175.25,151.79,155.02,1
134.52,138.19,143.35,1
207.16,236.95,161.16,1
176.77,204.13,201.99,1
263.22,136.92,249.32,1
242.62,187.68,261.49,1
152.78,137.57,202.37,1
242.43,154.84,218.33,1
262.75,234.11,256.79,1
268.44,259.54,218.87,1
168.63,256.9,136.91,1
239.25,224.53,236.87,1
155.04,166.56,202.06,1
195.58,232.82,254.09,1
146.11,217.26,156.14,1
216.66,197.05,147.94,1
225.12,156.83,184.76,1
145.96,224.87,204.26,1
135.87,255.38,148.84,1
232.74,138.74,259.89,1
148.34,202.26,200.24,1
258.29,191.47,269.2,1
187.93,232.73,267.71,1
224.99,149.08,166.19,1
196.5,253.05,166.95,1
188.71,152.9,141.44,1
218.76,163.08,199.58,1
137.86,181.33,215.65,1
249.56,145.99,197.51,1
134.35,200.89,208.24,1
153.57,179.97,234.38,1
167.15,167.71,218.29,1
240.9,199.32,138.82,1
191.77,155.17,249.53,1
181.94,141.99,135.8,1
190.58,238.08,241.32,1
178.63,257.5,204.68,1
182.37,253.45,152.28,1
184.29,223.88,148.51,1
212.7,223.2,156.67,1
227.58,147.85,232.05,1
138.98,206.16,169.91,1
268.29,240.87,192.28,1
155.45,224.98,235.62,1
156.59,216.37,195.88,1
255.37,206.88,184.62,1
225.95,176.04,197.75,1
201.59,229.42,137.51,1
220.63,162.19,260.09,1
167.55,168.07,192.61,1
245.36,252.49,261.0,1
143.99,132.99,260.66,1
148.02,133.02,262.99,1
268.05,199.13,230.1,1
135.64,161.35,244.69,1
160.03,152.02,211.63,1
176.36,138.91,212.6,1
150.49,223.22,229.6,1
157.73,229.34,227.97,1
241.86,212.69,255.16,1
148.02,189.11,251.13,1
176.87,165.06,174.95,1
202.56,255.93,211.96,1
196.25,156.49,186.87,1
159.6,199.85,242.58,1
169.07,225.33,205.48,1
217.84,157.92,141.5,1
202.17,161.37,147.92,1
267.37,138.8,187.97,1
146.03,154.07,218.72,1
218.56,267.24,163.45,1
248.27,241.33,160.77,1
251.21,225.62,244.54,1
217.89,266.23,235.48,1
177.51,200.44,169.48,1
165.64,196.78,209.35,1
152.06,167.38,212.88,1
208.6,262.79,159.36,1
194.79,188.03,243.85,1
205.07,181.59,256.24,1
161.56,184.84,154.8,1
269.87,196.27,130.82,1
145.7,259.29,268.36,1
177.31,262.91,143.4,1
218.94,164.7,201.74,1
148.11,235.53,159.97,1
242.49,231.57,148.64,1
179.11,183.73,238.95,1
188.11,259.99,201.87,1
201.77,255.15,261.04,1
212.53,200.29,253.39,1
192.9,205.1,141.83,1
177.78,216.93,176.81,1
260.84,188.83,132.02,1
187.17,185.11,200.21,1
215.46,207.08,171.36,1
143.49,217.51,267.49,1
223.7,264.41,247.65,1
185.45,238.91,158.22,1
238.55,148.41,239.46,1
223.52,189.88,250.03,1
190.95,269.28,255.21,1
177.96,144.58,175.81,1
261.82,189.31,198.1,1
268.55,216.28,245.55,1
208.73,181.52,160.11,1
248.94,130.02,210.37,1
249.25,256.56,140.47,1
149.73,155.03,184.0,1
242.86,146.44,171.24,1
161.96,265.69,222.98,1
221.03,159.21,216.26,1
230.25,266.42,187.13,1
235.81,232.11,198.05,1
225.29,243.49,235.06,1
161.25,220.98,145.21,1
200.37,244.85,214.0,1
131.52,167.81,164.01,1
181.34,244.2,194.76,1
211.88,133.61,157.69,1
168.13,148.47,244.0,1
250.12,162.1,152.17,1
136.29,266.61,192.84,1
222.92,171.1,238.18,1
194.35,134.65,205.22,1
244.87,162.75,181.39,1
174.69,236.09,144.3,1
174.45,187.02,134.96,1
248.41,157.51,187.73,1
200.68,174.3,208.97,1
260.72,236.36,269.74,1
166.64,167.91,224.48,1
253.72,135.09,184.72,1
131.37,225.12,173.51,1
132.13,180.55,169.34,1
207.73,194.2,195.8,1
234.84,264.99,230.45,1
149.98,217.44,216.48,1
214.96,218.9,210.35,1
269.59,131.18,189.74,1
249.23,250.02,269.98,1
169.87,153.18,251.24,1
237.8,172.54,236.28,1
151.98,181.59,232.59,1
248.77,208.36,267.72,1
189.95,195.94,232.23,1
229.69,142.38,232.74,1
196.88,176.69,251.07,1
253.46,253.82,165.27,1
159.58,156.08,142.86,1
152.3,208.37,221.22,1
152.97,199.9,248.68,1
179.46,186.84,213.54,1
217.47,194.22,191.78,1
265.37,259.35,235.51,1
217.16,217.47,232.68,1
201.75,145.91,131.69,1
233.32,160.86,205.25,1
133.06,261.77,184.63,1
255.91,192.25,246.98,1
159.9,200.4,211.46,1
171.83,182.64,153.73,1
225.0,140.05,241.57,1
132.63,183.96,240.32,1
265.49,191.97,199.03,1
138.3,131.54,154.7,1
252.39,198.56,263.69,1
167.23,221.59,232.43,1
198.51,247.48,208.9,1
205.36,169.42,190.96,1
147.06,251.59,224.25,1
201.07,239.22,191.2,1
218.31,251.71,155.34,1
223.74,260.99,143.83,1
206.04,244.98,175.29,1
186.64,241.59,247.92,1
143.78,186.34,140.54,1
207.93,167.21,186.87,1
253.07,183.96,218.81,1
259.63,174.69,263.13,1
179.5,180.78,152.7,1
192.9,197.99,234.68,1
190.25,221.61,176.9,1
182.75,220.05,137.47,1
247.48,216.34,245.82,1
197.03,202.87,206.59,1
202.61,163.23,201.57,1
148.65,234.92,170.08,1
193.04,261.07,145.79,1
225.43,151.51,163.89,1
246.56,228.48,231.47,1
255.89,137.46,147.49,1
166.89,260.19,238.27,1
161.76,230.19,243.78,1
171.24,200.3,161.13,1
244.43,235.24,170.26,1
253.05,172.67,265.16,1
137.34,220.86,162.7,1
229.49,223.03,243.99,1
155.94,205.9,253.37,1
180.87,265.75,220.3,1
141.68,226.17,200.79,1
198.35,224.93,228.06,1
167.47,139.12,229.15,1
142.57,224.3,201.09,1
163.76,257.59,266.26,1
196.94,160.52,234.75,1
252.49,259.64,245.02,1
258.79,269.91,132.07,1
148.22,198.93,252.4,1
141.47,200.51,222.22,1
225.27,265.8,184.26,1
132.24,205.18,165.55,1
131.86,262.69,182.39,1
154.12,242.7,247.13,1
230.71,201.57,188.5,1
183.65,150.63,130.24,1
211.99,204.74,149.7,1
165.65,134.61,229.19,1
190.99,247.06,235.65,1
196.19,171.81,233.87,1
267.54,136.82,175.42,1
206.74,179.24,164.69,1
222.7,264.88,220.6,1
207.53,179.33,239.29,1
152.02,241.8,227.95,1
208.71,213.97,164.97,1
252.66,236.05,153.62,1
142.54,174.48,172.2,1
208.19,191.35,221.8,1
226.22,183.18,197.89,1
263.98,249.43,135.03,1
141.89,132.23,216.94,1
227.1,204.92,247.37,1
150.26,137.05,179.91,1
216.22,217.5,150.04,1
249.02,175.41,198.77,1
135.69,166.98,265.2,1
224.86,263.31,246.22,1
188.42,189.83,224.63,1
251.93,174.45,160.82,1
240.81,139.07,214.65,1
236.05,170.21,255.44,1
138.93,186.18,174.95,1
175.82,217.49,175.32,1
166.06,241.09,211.32,1
206.77,180.41,232.57,1
163.97,264.13,221.06,1
245.0,157.47,267.84,1
143.47,167.5,243.12,1
164.32,221.5,165.0,1
263.88,180.83,194.59,1
246.28,252.25,233.6,1
255.86,149.97,171.58,1
142.12,259.29,141.18,1
214.95,263.75,174.46,1
177.64,136.49,187.07,1
245.68,197.17,213.35,1
233.14,159.98,189.42,1
228.45,190.6,235.16,1
165.34,230.97,258.26,1
199.36,141.17,209.16,1
198.88,255.14,246.65,1
221.73,209.5,234.45,1
252.25,213.14,261.27,1
243.73,156.76,239.61,1
130.08,171.43,154.27,1
157.93,185.41,202.08,1
176.45,148.03,135.04,1
178.22,162.92,229.05,1
167.85,237.99,189.8,1
172.51,229.11,248.21,1
211.36,254.28,224.09,1
160.39,194.44,250.19,1
181.3,228.37,203.46,1
141.55,257.73,154.3,1
243.73,133.15,173.95,1
239.47,260.08,132.51,1
238.74,241.61,235.21,1
139.8,240.43,166.21,1
179.76,202.17,176.75,1
246.95,143.75,138.88,1
185.82,229.32,242.3,1
259.52,131.64,230.78,1
254.16,252.66,244.96,1
241.15,232.21,244.98,1
161.82,144.98,233.48,1
144.62,208.11,222.82,1
166.29,130.66,182.64,1
148.02,204.02,257.95,1
219.2,159.74,150.7,1
142.51,269.64,152.35,1
154.59,184.71,241.93,1
218.11,212.16,170.94,1
181.32,243.63,166.89,1
245.8,198.5,144.67,1
268.67,131.34,185.96,1
171.64,148.16,134.48,1
251.09,200.09,267.72,1
240.87,158.17,148.86,1
245.54,146.22,242.31,1
154.76,143.95,175.56,1
139.11,220.26,233.55,1
253.53,262.96,261.41,1
240.17,171.14,220.96,1
138.01,196.68,208.61,1
233.1,188.37,160.85,1
139.78,144.89,196.84,1
140.21,240.31,243.02,1
235.17,210.64,234.59,1
235.12,198.66,203.86,1
130.4,235.47,203.18,1
170.65,182.5,263.09,1
143.56,193.39,174.04,1
152.88,263.87,216.81,1
199.44,215.19,230.63,1
242.6,234.12,264.49,1
139.15,139.77,235.07,1
194.41,134.51,258.86,1
158.81,239.87,262.26,1
175.02,181.46,150.49,1
191.81,224.27,159.26,1
130.11,237.58,194.87,1
210.58,254.45,230.81,1
180.46,204.67,214.18,1
259.07,142.62,237.69,1
174.38,221.12,254.02,1
183.55,202.74,182.99,1
167.55,151.95,152.67,1
265.53,220.34,258.29,1
208.31,139.03,264.58,1
230.85,162.05,176.16,1
163.83,266.09,155.16,1
267.33,230.99,131.85,1
269.08,199.94,142.59,1
253.86,157.37,145.73,1
160.1,143.53,237.49,1
186.16,240.45,200.39,1
178.69,238.21,135.84,1
181.68,220.16,144.41,1
186.53,207.88,186.91,1
153.22,243.03,187.01,1
244.37,215.55,261.13,1
230.89,195.26,140.76,1
171.02,254.26,197.95,1
232.73,162.62,161.86,1
248.01,173.74,257.3,1
143.68,159.63,176.18,1
178.0,177.88,202.71,1
244.43,253.73,230.56,1
256.3,160.77,194.46,1
228.81,148.58,130.49,1
226.62,148.61,229.81,1
169.66,179.12,214.42,1
253.19,138.1,150.9,1
208.63,210.71,258.12,1
143.39,145.61,262.63,1
192.96,153.88,141.85,1
144.98,256.04,188.38,1
161.28,137.81,142.17,1
269.94,245.93,159.81,1
219.79,166.5,240.54,1
259.61,219.62,163.69,1
176.58,182.61,258.34,1
210.11,245.5,217.8,1
252.73,132.61,242.67,1
173.71,161.21,164.83,1
198.87,251.61,269.54,1
149.29,256.17,132.51,1
255.44,156.66,213.36,1
144.66,196.38,264.65,1
164.18,141.01,141.62,1
209.65,224.1,224.29,1
157.61,231.8,254.55,1
163.65,247.63,253.07,1
153.46,227.29,207.48,1
142.91,250.16,229.1,1
181.28,135.15,143.08,1
196.78,162.76,208.89,1
223.29,184.75,235.86,1
154.6,178.08,225.49,1
227.85,144.98,206.16,1
197.06,220.91,250.76,1
234.93,259.44,217.67,1
225.46,131.43,150.75,1
247.62,155.32,156.76,1
189.72,202.18,151.29,1
188.05,179.01,263.11,1
176.65,167.08,197.52,1
196.59,211.96,172.0,1
155.58,253.69,186.89,1
164.37,254.73,174.83,1
134.15,236.1,210.63,1
240.88,267.14,241.13,1
268.26,226.41,261.71,1
245.49,199.28,156.53,1
176.12,205.9,189.27,1
151.12,260.98,173.43,1
178.64,201.16,180.11,1
175.07,228.58,170.84,1
186.2,180.87,240.99,1
212.45,136.01,222.88,1
146.82,208.7,206.67,1
168.36,246.28,223.47,1
177.64,194.24,197.5,1
263.09,137.46,256.88,1
236.48,151.26,256.69,1
200.92,216.64,136.07,1
135.57,162.75,213.63,1
220.67,204.78,264.9,1
196.5,252.38,193.97,1
130.15,157.3,262.08,1
233.58,202.21,159.38,1
198.16,259.1,227.37,1
195.66,227.31,148.78,1
133.17,163.97,192.62,1
266.23,245.47,256.32,1
268.75,246.83,160.08,1
224.54,221.07,131.83,1
166.73,216.91,235.55,1
222.04,155.42,142.53,1
155.29,185.14,142.49,1
166.88,224.23,227.71,1
256.09,184.93,141.53,1
181.35,163.94,173.32,1
213.11,166.39,229.11,1
149.87,215.15,184.32,1
258.25,184.3,227.04,1
151.29,227.59,136.74,1
225.46,219.97,197.11,1
238.39,176.42,234.76,1
246.57,198.89,160.74,1
191.77,170.51,219.62,1
239.6,217.3,187.99,1
212.49,187.68,253.64,1
162.36,139.91,244.2,1
212.64,231.89,172.35,1
199.18,257.58,258.82,1
155.02,226.05,192.61,1
260.92,152.9,210.91,1
259.41,249.96,228.82,1
223.37,215.95,205.05,1
201.24,229.37,243.55,1
170.98,188.03,133.72,1
223.87,169.9,261.62,1
155.03,167.12,169.41,1
200.29,178.36,189.83,1
234.13,146.76,248.79,1
137.56,169.11,204.75,1
253.29,220.61,191.98,1
264.3,193.76,195.26,1
205.01,168.61,163.5,1
262.36,227.94,130.62,1
253.59,153.36,242.11,1
170.74,238.46,217.74,1
168.01,200.97,194.96,1
171.86,133.25,205.74,1
261.91,205.16,220.85,1
263.11,257.07,199.6,1
255.32,136.18,193.42,1
199.2,162.78,246.56,1
251.18,225.7,151.7,1
219.84,248.24,151.59,1
204.7,200.77,262.04,1
137.51,169.81,132.18,1
152.74,231.95,226.26,1
266.88,143.64,253.72,1
182.57,269.21,249.23,1
183.11,249.22,151.77,1
177.29,146.06,255.68,1
209.36,246.32,205.35,1
174.61,130.61,266.88,1
161.75,142.68,171.1,1
223.03,207.35,190.07,1
261.6,154.98,229.3,1
155.03,154.3,203.79,1
262.31,264.9,255.53,1
164.6,140.44,218.79,1
144.29,268.59,237.49,1
223.07,210.05,198.37,1
141.92,186.91,236.25,1
222.06,265.8,243.71,1
214.7,192.51,226.67,1
130.43,146.28,205.27,1
175.31,268.1,144.35,1
232.97,255.26,190.62,1
171.64,236.76,267.59,1
245.06,196.22,259.71,1
130.99,183.5,154.56,1
132.73,178.58,190.93,1
177.01,157.54,189.64,1
165.48,206.59,164.61,1
251.23,266.32,218.28,1
139.7,229.35,136.39,1
142.99,199.57,188.43,1
181.09,258.18,221.24,1
167.56,155.71,229.78,1
223.61,185.94,156.52,1
164.29,167.65,139.46,1
190.56,249.33,154.4,1
237.34,139.3,235.28,1
179.46,212.49,248.12,1
175.21,161.61,192.52,1
245.66,218.98,146.28,1
251.56,221.39,155.69,1
173.35,215.83,180.4,1
228.05,139.68,197.92,1
254.87,158.14,161.48,1
256.07,173.36,164.93,1
243.86,239.3,201.75,1
226.79,131.03,257.6,1
207.83,131.94,209.96,1
201.94,224.55,154.45,1
190.02,226.92,166.25,1
166.17,253.6,257.32,1
136.97,237.12,131.15,1
256.28,151.94,206.69,1
166.96,155.5,166.45,1
265.23,158.42,194.64,1
137.43,162.11,155.4,1
187.09,207.62,151.79,1
255.91,258.21,190.03,1
252.35,219.66,200.83,1
212.77,156.78,176.15,1
143.11,140.4,183.23,1
203.27,180.76,221.63,1
154.21,148.12,175.68,1
197.47,200.96,185.54,1
145.93,257.55,134.97,1
259.08,256.89,190.66,1
196.4,246.9,153.08,1
131.82,244.75,229.16,1
242.88,239.11,226.03,1
141.96,130.45,199.71,1
132.66,212.8,174.63,1
192.45,262.21,144.66,1
150.76,157.89,150.49,1
152.78,194.73,208.51,1
196.48,150.81,249.93,1
158.9,130.98,137.34,1
188.09,130.48,210.58,1
253.05,194.87,237.36,1
249.93,161.74,225.94,1
133.22,164.68,236.52,1
255.97,184.23,176.21,1
257.0,197.34,190.31,1
264.36,224.68,257.18,1
196.98,149.55,234.85,1
183.67,265.08,204.46,1
136.1,146.98,212.19,1
254.8,218.56,243.48,1
173.32,198.75,264.12,1
237.79,173.03,136.69,1
182.43,160.73,176.89,1
260.64,200.25,192.61,1
161.37,141.68,195.56,1
198.42,262.9,131.37,1
218.27,145.02,222.79,1
174.49,141.73,183.44,1
212.45,248.4,190.35,1
195.5,186.59,237.84,1
138.9,251.66,217.28,1
245.7,244.29,209.16,1
149.91,214.87,262.44,1
233.97,160.3,180.05,1
134.86,231.81,248.19,1
192.7,183.88,149.59,1
223.88,160.55,261.23,1
177.55,266.32,203.37,1
185.67,266.22,147.03,1
245.3,140.5,156.38,1
209.44,242.71,165.57,1
253.63,214.22,158.33,1
205.23,206.92,146.73,1
193.37,177.99,180.8,1
174.44,180.8,233.77,1
140.57,269.37,150.49,1
244.87,157.41,177.54,1
235.71,238.08,212.65,1
222.59,259.75,262.46,1
138.45,170.27,146.38,1
142.77,212.17,210.31,1
171.99,194.57,143.99,1
140.0,187.52,213.58,1
185.76,165.79,211.94,1
263.47,140.5,240.73,1
165.68,246.35,192.81,1
260.36,132.23,260.11,1
213.69,253.58,147.83,1
258.86,227.48,155.3,1
262.54,208.29,265.52,1
241.09,137.43,131.01,1
146.34,260.5,132.66,1
197.94,223.25,219.67,1
193.0,138.89,154.84,1
135.1,204.06,153.04,1
174.69,130.63,218.27,1
245.26,171.04,238.47,1
217.92,171.31,225.62,1
266.77,156.34,251.42,1
178.6,234.55,178.29,1
265.44,160.94,230.35,1
133.05,131.07,146.08,1
266.46,132.94,253.72,1
209.45,201.88,179.96,1
242.44,143.34,168.47,1
150.78,176.98,245.17,1
